ci-main-hybrid-regression	234b0fd4bbeeab7667f3fdfe7e044b61ac7335f3
promote-hybrid-baseline	3b556a61de80c5c50448e78f5364eaea393b6693
promote-hybrid-baseline-clean	78311b96d82e32cfd53ce46bfd877f16ceaeb01c
issue-357-icp-profile-transplant	fcce510ef08535c3265111b1b07ffec0a48c8202
issue-359-qualified-gummel-icp	0352a39966abf49b4762ce638e6dba45e0caa225
issue-gummel-api-cleanup	05fd063f98406892553e9f4929245097084c9289
gummel-heavy-sibling-parity	c4dfbf44718d1f9b71965166ccae6293c2b2d3a0
qualification-physical-coupled-equivalence	0d6b5df981699f8b2dbdd9517d1f51b9253ef4e9
physical-electron-state-normalization-removal	f799c8fdcdac8d90f32bb10b41c2d80d00e481b8
issue-310-secant-history-seed-seq08	0dda68e704b6989132cd0b1fed10828bbd51b033
issue-309-standard-moose-sheath-refactor	b1d581c56642f26ba7fed45a7be30395d57125d2
issue-253-g1-gummel-dt-release	34d6e7c2edb533c0e3a474bb411bfeab8a92c085
