issue-234-m0-multirate-preflight	83d58acc1a719a443e6ed51ae0690cc90c0c37bf
issue-234-m1-1d-heavy-surface-e0	3026015ca57937a1461a267d9053ac72ab1a199f
issue-234-m1-1d-poisson-stage1	09592568a50b68172e74696ed5b1d1f8a83cfbc4
issue-234-m1-1d-thermal-loss-e0	6a54b5737e21ba364933903292734617694b2ef7
issue-234-m1-chemistry-off-10cycle	52435945db07a93556e17232debd0fe871d1dcd2
issue-234-m1-chemistry-off-joule-10cycle	b0ed22721bbb6a1c0c09eacdb3c3d49c80019829
issue-234-m1-integrated-boundary-2e8	f7322553bbe2598dd4750b48e1d10c1bb9d0ce88
issue-234-m1-multiapp-density-scan	b536a9acec99e467b26a267f989ddac127494d94
issue-234-m1-multiapp-electron-poisson	18246fca630924ff82defc4d28786f20de504928
issue-234-m1-representation-gate	24f492664909ce6dc626418a28dc2b5d2ce0e582
issue-234-m1-sheath-ab-science	1047b8639a976030ae97622cfaf4492fbe43f67a
