refs/heads/fix/aikido-security-code-audit-115212587-vr72	1784459fbd877b0d00ed3dce15eae16660d6a344
refs/heads/fix/aikido-security-code-audit-115214118-2teg	d44b26731d565e122b97b73b15e8a53d85104de6
refs/heads/harness-dependency-preflight	efceb0ed8762d6af0f35f201edd10ac2d966d46f
refs/heads/issue-228-axis-bc-10step	459c70ae81327a12bedc3e42bc51d5066bdbf1d0
refs/heads/issue-228-d1-s2	b6aeef7d3bede39da8249372b9b0ebf521e6b498
refs/heads/issue-228-d1-s3	ad16a2313ee0e1d378c1f3fe4cbf0e201f3d3832
refs/heads/issue-228-e2-w3-w4-s1	0252a7d47229e0a470bb1c79611e7720f686540c
refs/heads/issue-228-face-flux-probe	db7ce50e4526311b18dbabe7ca68108d1dac8afe
refs/heads/issue-228-ion-model-matrix	bc9e05530520b01a49f028e8170424fbd3c26669
refs/heads/issue-228-p2-e1-w2-pg	0b5571ebe32be1223f27264b3fa0ae959c6b851c
refs/heads/issue-228-pgw-parallel	464041e042ae5f80afe78998d8d881a42648b2f3
refs/heads/issue-228-s4-residual	eb2b82546214047288824f6905a55a1cfc1e2d88
refs/heads/issue-228-s5-local-bc-ci	369e20e3c092de66f40d48757c12e53e2ff5537d
refs/heads/issue-228-s6-directional-observable	62e8bc921656527c39adae7b697b8a92e446e00a
refs/heads/issue-228-s6b-baseline-wall-field	792b95dc625f1cb965c9b1259514a70fd35fcda3
refs/heads/issue-228-wall-av-10step	9b57105b40d338d5989f82c002245191dfabacfe
refs/heads/issue-234-m0-multirate-preflight	e4d47792224d335c4b4556719c3f2e1f33db3d84
refs/heads/issue-234-m1-1d-electron-drift-surface	ce3437acf9a1a0e53d35e9e32a5bb5cf7ad44a42
refs/heads/issue-234-m1-1d-heavy-surface-e0	933a72d2021b047bc58ea879ce66a9a28f3c4bdd
refs/heads/issue-234-m1-1d-poisson-observer	360fccd43ad6ca4d28ce42c536228fa714ecb131
refs/heads/issue-234-m1-1d-poisson-scaling-ab	fc4b78288aa4664ed43ee5b9b9b545eac794b480
refs/heads/issue-234-m1-1d-poisson-stage1	7b5792c1ccec669d9eebaeebb8c27164954f4c3c
refs/heads/issue-234-m1-1d-thermal-loss-e0	b75a1bae661ed83a20f4ee2a12365037757114dd
refs/heads/issue-234-m1-chemistry-off-10cycle	21e7d3f3794af49fefdbf18597c5ff2bec7082bc
refs/heads/issue-234-m1-chemistry-off-joule-10cycle	71693b9b1023d86d5c0709a6ca59eaff9a892d49
refs/heads/issue-234-m1-density-robustness-ne1e15	e08871ee3b6e8855e6b529ba80b3b50fd4d988e6
refs/heads/issue-234-m1-fixed-chi-scan	f17e33784c48c260ff3bf3c7e87ee5000a960bcd
refs/heads/issue-234-m1-fixed-density-dt-scan	9324f7366694b4ee66ee2ce9f4ea958daff07a8f
refs/heads/issue-234-m1-integrated-boundary-2e8	fa65c1badcc91ee457242fb957793d00a8e2cb5e
refs/heads/issue-234-m1-multiapp-density-scan	24d9aa2efa457e9c8f57898ef8aaf71ddc4ac368
refs/heads/issue-234-m1-multiapp-electron-poisson	b17cceda2e2b71f5dc6f26439dca235a24b09bbd
refs/heads/issue-234-m1-representation-gate	5fb740053e8941ee4fef43c3dc0a326a464d3b6b
refs/heads/issue-234-m1-sheath-ab-science	70a5379bfdc5d2d6098d9e9fabb88390952aa5de
refs/heads/issue-236-m1a-multiapp-smoke	6dbd9cbedea22101b3fa6170a26ccac928cfa862
refs/heads/issue-236-run32-preflight-gate	cee250ee590ce0072f90b5a7791db39abcb62af8
refs/heads/issue-236-transfer-diag-preflight-fix	a9a69eebd47aad33ca864310ae757773a5a01170
refs/heads/issue-236-transfer-diagnostics	89662d7f83bd4889c29aa5986436f94ee08d6e26
refs/heads/issue-242-electron-log-molar-transport	0f86af03af885372a42225c2198e0d846a646f7c
refs/heads/issue-243-t1-log-molar-coupled-particle	97e39479c818f1027235d11f7a0bc546858e0c99
refs/heads/issue-245-t2-molar-electron-energy	a15ebd262735689a2aa17a2343ccf276f0e44947
refs/heads/issue192-p3-diagnostic-matrix	6db03e92c118e080da59d82a6de98ee93bf53f89
refs/heads/issue224-build-once-ten-way-fanout	42f057d84ab4c50c11f99f1abdcce0b67e004f3c
refs/heads/issue224-c3-observability-memory	93a27cef7f827c23c676cd54721d3bf185f45954
refs/heads/issue224-c5-observer-family-memory	822a4d80c0cdfcf91a2929e810a51ba286c2972c
refs/heads/issue224-c5r-os-rss	05f619d1d46c48d608aabeb483140a22d34c4ff3
refs/heads/issue224-c6-element-aggregate-type-split	7d02725cc922491756111a22c9f1f053c0ca9cff
refs/heads/issue224-parallel-hypothesis-matrix-design	f7e9f0a725c52fcf6b4a8d8842b911ea48850396
refs/heads/main	9820c4cd86ebe548693e9acefd340409d7240a05
refs/heads/maintenance/physics-opt-doc-naming	a384cbc4d76ecd604fafa35c5ed7562ce1925f9b
refs/heads/probe/runner-1s-20260913	cb0f77d8b202ece7f483d4ffd85f11f8ab35279b
refs/heads/science-standalone-bundle	32fdcedb10d5bd5f9dd16fffc626a123bc043f1f
refs/heads/standard-moose-energy-ab	cdc8a9d5b3898a10706a6bfb1f4d3518dd1170a9
refs/heads/standard-moose-energy-retire	f4359630828a2eefcb59dd9ed51015b995c2080e
refs/heads/tmp-do-not-use	c3e1158148ed106cba1dbb646a45462eec722c9a
refs/heads/work/192-governed-ci-runtime-authority	79dceb44fcaac4f3d431466f72096caa56916439
