issue-234-m1-1d-poisson-scaling-ab	6091828e13278b9675fe101a76077f5aab5daec8	CLOSED_ISSUE_234
issue-234-m1-density-robustness-ne1e15	5ddb47e0a3bf0b22e50b78c31490361cd749309b	CLOSED_ISSUE_234
issue-295-central-skill-bootstrap	8dbe7681ac95a5f2d571456aa17b391adfa19ace	CLOSED_ISSUE_295
issue-306-heavy-charge-motion	638d47287a1d785347eda57adcca08550fd59330	CLOSED_ISSUE_306
issue-310-architecture-parity-seq08	d2f9d75f8bdf392e647165ad25f7c5808dfd2b40	CLOSED_ISSUE_310
issue-310-fp-acceleration-seq08	d4a47a2c832765eaff96942c23e13aac32f0209b	CLOSED_ISSUE_310
issue-310-fp-damping-seq08	6d80d1985e395b7905b80e5693ee776dcc298b4f	CLOSED_ISSUE_310
issue-310-fp-placement-corrected-seq08	ad258bb9db3e8a1c8f1dc55206ac8384469307f4	CLOSED_ISSUE_310
issue-310-gen11-nonlinear-poisson	6e1a7298a3c0a09d377bc90d4a1db306add80fd6	CLOSED_ISSUE_310
issue-310-gen11-update-order	d2f9d75f8bdf392e647165ad25f7c5808dfd2b40	CLOSED_ISSUE_310
issue-310-gen12-jacobian-diagnostic	3024aaade8e476e2cd40fd1132fc79ae6123c735	CLOSED_ISSUE_310
issue-310-gen13-a1-small-gamma	4ba948c10df81300ee93b2de13ac9ae9ec9297f8	CLOSED_ISSUE_310
issue-310-gen13-a1-smallgamma	cc704a60bf6ab7b0add52986ea48ea645440ef80	CLOSED_ISSUE_310
issue-310-gen13-a2-small-gamma	39edd9d012181ed7d05a2f1913463f649cf4a370	CLOSED_ISSUE_310
issue-310-gen13-a2-smallgamma	2f4e320f3556951416bda3f0ac81717cd9d6c72b	CLOSED_ISSUE_310
issue-310-gen13-basis-jacobian	864fd4ed3a10bb1de3a25e5b8938a529fa85f8e0	CLOSED_ISSUE_310
issue-310-gen13-plan	2f324821aba1d21735a47a9e32a74b27369b6212	CLOSED_ISSUE_310
issue-310-gen14-laplacian-jacobian	f8f41bb8503fbf1b05b7250a07a94b540bd9e42f	CLOSED_ISSUE_310
issue-310-gen15-banded-jacobian	6012784867cf2039eb51580d4a545041a439721f	CLOSED_ISSUE_310
issue-310-gen16-state-jacobian-relaxation	aaa87a0aeae8abdc4eb53b28ce040cce2a24aa83	CLOSED_ISSUE_310
issue-310-gen17-restore-stopping	5ebf9592d5667585c648fba1c7ddd2d9d4bbf879	CLOSED_ISSUE_310
issue-310-gen18-deltaphi-convergence	e25c53cae7b852bfdc6deeccff6187b1c181936c	CLOSED_ISSUE_310
issue-310-gen19-reference-convergence	d2d9958735d6afe4c6a23d47880477772a998d78	CLOSED_ISSUE_310
issue-310-gen20-band5-requalification	e2e5c4304904b78cabb74042efcfe75f89ec9973	CLOSED_ISSUE_310
issue-310-gen21-native-fp-acceleration	971f647df3ad926464c9b80ab5e83e848de13cf2	CLOSED_ISSUE_310
issue-310-gen22-medium-horizon	32629a436ccfdca0cade6fe7c02fe0d0fd324ff4	CLOSED_ISSUE_310
issue-310-gen23-scaling-50hc	6da5db75554d44f031da4c5b57b71f4c4f04dbc7	CLOSED_ISSUE_310
issue-310-gen24-cost-growth-profile	8cf62d997863d23514dd6ecd2e7c74e4251bee17	CLOSED_ISSUE_310
issue-310-gen25-cost-decomposition	b0eaede28dec27998337439eb7febbe1f8f70614	CLOSED_ISSUE_310
issue-310-gen26-output-ab	e9065bc4a268dcff4ee234c4a148e85ab03961a5	CLOSED_ISSUE_310
issue-310-gen27-native-perfgraph	7ae950291ba0a03fb75a29fc5a0cc81a04aa03af	CLOSED_ISSUE_310
issue-310-gen28-perfgraph-qualify	91df80bf1e149535e7441c307588f5d35fb0980d	CLOSED_ISSUE_310
issue-310-gen28-perfgraph-qualify-v2	b73716f2cca7dae727b7b218705eef636138a36e	CLOSED_ISSUE_310
issue-310-gen28-perfgraph-qualify-v3	6224d3337aea380d96bebacfe63469f22f4ea6bd	CLOSED_ISSUE_310
issue-310-gen29-native-timing	4a3f6265a39f0bf027eb95572c6b4509932f325d	CLOSED_ISSUE_310
issue-310-gen30-output-timing-ab	da7ce87ed9cdfff5f53a88cf122183610a222df5	CLOSED_ISSUE_310
issue-310-gen31-50hc-output-off	cd4998cbeeba6e1df9e244a21fd86972f4ac1f3f	CLOSED_ISSUE_310
issue-310-gen32-autoscaling-ab	ef67af73d6afc62cfcd9f94c22edb494811fd486	CLOSED_ISSUE_310
issue-310-gen33-autoscaling-paired-abba	c3500041c368cb64efba0a78eef4d0215da82f62	CLOSED_ISSUE_310
issue-310-gen34-relax2x-reference-input	cdba1cba025da3c8442c0ad2993aeccab0111732	CLOSED_ISSUE_310
issue-310-relaxation-factor-optimization	a2479d0cdbc97d963e52df2a79e88d9b4ebd8e54	CLOSED_ISSUE_310
issue-310-relaxation-seq08	910e4826de5f2e70ea06581afc81f2360cd55dcf	CLOSED_ISSUE_310
issue-310-secant-refinement-seq08	87a5450782250852caa8634c78c67b1cf084b586	CLOSED_ISSUE_310
issue-310-timeaware-secant-seq08	61c08ab4c14f586816a0103150df18ee9c6be4c6	CLOSED_ISSUE_310
issue-315-alpha-refinement-seq08	ca1ea0b0eb040587f9c3b61dd24bd6eea93dd903	CLOSED_ISSUE_315
issue-315-electron-dt-seq08	7c8029f1f280dc11c24a12654bbde859d9c57ca2	CLOSED_ISSUE_315
issue-315-electron-dt-sweep	f8b87da4f32292c02e7bccbfb211191e517d25cc	CLOSED_ISSUE_315
issue-332-standard-moose-gummel-refactor	8684f74b3c8f5a0f0a0ba56c2366d8cdb7711e30	CLOSED_ISSUE_332
issue-333-standard-charge-density	5f42db1799bf1f25c2350d0387900ce050a86fc8	CLOSED_ISSUE_333
issue-334-r2-standard-convergence-probe-v2	f2b14d867ff08aa29b47d91e1a48c98dbeb9ddec	CLOSED_ISSUE_334
issue-334-standard-convergence	1788d98a93d8bae03a9352dae967662c196fa3b1	CLOSED_ISSUE_334
issue-335-standard-electron-mean-energy	1822a6734423a46f1cb518e0b1e04b092351b384	CLOSED_ISSUE_335
issue-336-standard-scalarized-convergence	6422170b78ee93c2ff21029a92fe7f70c0841c78	CLOSED_ISSUE_336
ops-trigger-branch-cleanup-20261008	414df663f587da2af1aa9d9385ba992454a4d7f3	OBSOLETE_OPERATIONAL_BRANCH
ops/branch-cleanup-round3-20261008	d5e643ce8b0dcbc216c40beaf069e33bdd1db607	OBSOLETE_OPERATIONAL_BRANCH
