experiment-full-fem-contour-mesh	cbc4dfef6e8c4fefb6999e09860a6e23b281983f
experiment-local-h-refine-2237	67f7ce4e2eb565fbdb2c6228fa39dae38d003a7a
experiment-strict-fv-cell-charge	5efacfebf0ff7075a398573c91fc3bd5ff041c03
experiment-wall-cell-average-subgrid-run	9a3ec0a67a71661ddbf6e176819c8edad8695e70
experiment-wall-refinement-level-matrix	6690e1733e2f6d3cd3eb69e354eacb819d853464
experiment-wall-temperature-subgrid	020aab50dda3b5aab24016ebce8cf89de50c6443
experiment-wall-temperature-subgrid-run	79c302eb9562730d75bd274fa8e7f1c23166b97b
issue-280-sol-gateway-cutover	d16f4add352627c647bec5fc236aa0a9f175c107
issue-306-sequence08-baseline	1b28a1bccbec4ccad5e597500142a7e7e06ef4a3
issue-331-governed-compile-manifest	31baf25a9662453aa1b02dcc341535392f59a473
issue-gen34-parity-inspect	0b836a49de5df8ca77b8d75ac57806f03956a029
issue331-stageb-monolithic-charged	2ff64cc8732b8c2062dc731b03159197926e4183
main	08a9c3030ec779197225aca36fb0451571c50722
mean-energy-primary-state	ac3b0311bd7acfdea0ad8d645076b17d41dd04fb
qualified/issue310-gummel-optimized	cdba1cba025da3c8442c0ad2993aeccab0111732
recover-qualified-plasma-inputs-20260927	c27ff0d305d50adcdecd851c461589525302f489
