gummel-dual-subapps	894eb9e2146c2372191a40a58390351c8faf2a10
gummel-two-subapps	628658f0db36bd57a79505bfc21228b844e205f2
harness-semantic-input-contract	2dc323db5e45d8288fe8c3ee5dcbc2c7051cb5b8
issue-327-adopt-artifact-staging	e922f94a166a56320ffd7d1f91ca1677761b2b09
issue-329-adopt-scientific-discriminator	1f1861ca6024697bf2e2bb5468b3d7f0bc040386
issue-gummel-10mtorr-fixture	ed3298adb100d9d3f924e82cd3ac4ad1ce2431cd
issue-plasma-closures-gummel-heavy	3d8d4690e039c30c51a8da71cf4b3a580ca1c722
mean-en-symbol-rename	5267b9286f6904b0bd53756fdacad787c9a3482b
ops/branch-cleanup-round2-20261008	ae5cff85e4cbd95e81282d29197e0a4677beedcc
paul-actions-execution-pin	77e7bacb7cf7c1efc494e8b38448551aa2f8a7af
paul-init-skill-catalog	07ac253a55807d5a51f5f9ab9bc90e2e18f0d85d
physical-electron-state-clean	f0025b289b7b8a2e7ea59e1a5601cfa55a9015a2
regression-central-skill-manifest-drift	06747e10f3b9a1db3bc2904c1533fe98ad7f1dfe
samuel/adopt-os-20261008	230af3a987e4d9eb1fc6375bed53c02558144d11
