experiment-full-fem-energy-no-sheath-suppression	3881816b4344c048e3edff581828cdee9ac1cbf4	HAS_UNMERGED_OR_NONANCESTRY_HISTORY
experiment-full-fvm-small-dt	4a552ed1b0887c0a0ef4219e7346898a68000953	HAS_UNMERGED_OR_NONANCESTRY_HISTORY
experiment-l4-time-resolution	7215a8c5f0d137a10d8ecd7033c729316723d12c	HAS_UNMERGED_OR_NONANCESTRY_HISTORY
experiment-local-h-refine-2237	67f7ce4e2eb565fbdb2c6228fa39dae38d003a7a	HAS_UNMERGED_OR_NONANCESTRY_HISTORY
experiment-strict-fv-cell-charge	5efacfebf0ff7075a398573c91fc3bd5ff041c03	HAS_UNMERGED_OR_NONANCESTRY_HISTORY
experiment-wall-cell-average-subgrid	e9a41572e35be2d495f76a8bb2c0383de3ea6baa	HAS_UNMERGED_OR_NONANCESTRY_HISTORY
experiment-wall-cell-average-subgrid-run	9a3ec0a67a71661ddbf6e176819c8edad8695e70	HAS_UNMERGED_OR_NONANCESTRY_HISTORY
experiment-wall-layer-coarse-p1	6b4701d2647c265a7769dd1f0ed71e1df87e00f5	HAS_UNMERGED_OR_NONANCESTRY_HISTORY
experiment-wall-layer-h-refine	002dbe1bfd377bb83d825ec1ef09f592c0c0a70f	HAS_UNMERGED_OR_NONANCESTRY_HISTORY
experiment-wall-refinement-level-matrix	6690e1733e2f6d3cd3eb69e354eacb819d853464	HAS_UNMERGED_OR_NONANCESTRY_HISTORY
experiment-wall-subcell-compare	e9a41572e35be2d495f76a8bb2c0383de3ea6baa	HAS_UNMERGED_OR_NONANCESTRY_HISTORY
experiment-wall-temperature-subgrid	020aab50dda3b5aab24016ebce8cf89de50c6443	HAS_UNMERGED_OR_NONANCESTRY_HISTORY
experiment-wall-temperature-subgrid-pr	bf8df444e3c5b596cc0741fc747d157b74811c8d	HAS_UNMERGED_OR_NONANCESTRY_HISTORY
experiment-wall-temperature-subgrid-run	79c302eb9562730d75bd274fa8e7f1c23166b97b	HAS_UNMERGED_OR_NONANCESTRY_HISTORY
issue-234-m1-1d-poisson-scaling-ab	6091828e13278b9675fe101a76077f5aab5daec8	HAS_UNMERGED_OR_NONANCESTRY_HISTORY
issue-234-m1-density-robustness-ne1e15	5ddb47e0a3bf0b22e50b78c31490361cd749309b	HAS_UNMERGED_OR_NONANCESTRY_HISTORY
issue-295-central-skill-bootstrap	8dbe7681ac95a5f2d571456aa17b391adfa19ace	HAS_UNMERGED_OR_NONANCESTRY_HISTORY
issue-306-heavy-charge-motion	638d47287a1d785347eda57adcca08550fd59330	HAS_UNMERGED_OR_NONANCESTRY_HISTORY
issue-306-sequence08-baseline	1b28a1bccbec4ccad5e597500142a7e7e06ef4a3	HAS_UNMERGED_OR_NONANCESTRY_HISTORY
issue-310-architecture-parity-seq08	d2f9d75f8bdf392e647165ad25f7c5808dfd2b40	HAS_UNMERGED_OR_NONANCESTRY_HISTORY
issue-310-fp-acceleration-seq08	d4a47a2c832765eaff96942c23e13aac32f0209b	HAS_UNMERGED_OR_NONANCESTRY_HISTORY
issue-310-fp-damping-seq08	6d80d1985e395b7905b80e5693ee776dcc298b4f	HAS_UNMERGED_OR_NONANCESTRY_HISTORY
issue-310-fp-placement-corrected-seq08	ad258bb9db3e8a1c8f1dc55206ac8384469307f4	HAS_UNMERGED_OR_NONANCESTRY_HISTORY
issue-310-gen11-nonlinear-poisson	6e1a7298a3c0a09d377bc90d4a1db306add80fd6	HAS_UNMERGED_OR_NONANCESTRY_HISTORY
issue-310-gen11-update-order	d2f9d75f8bdf392e647165ad25f7c5808dfd2b40	HAS_UNMERGED_OR_NONANCESTRY_HISTORY
issue-310-gen12-jacobian-diagnostic	3024aaade8e476e2cd40fd1132fc79ae6123c735	HAS_UNMERGED_OR_NONANCESTRY_HISTORY
issue-310-gen13-a1-small-gamma	4ba948c10df81300ee93b2de13ac9ae9ec9297f8	HAS_UNMERGED_OR_NONANCESTRY_HISTORY
issue-310-gen13-a1-smallgamma	cc704a60bf6ab7b0add52986ea48ea645440ef80	HAS_UNMERGED_OR_NONANCESTRY_HISTORY
issue-310-gen13-a2-small-gamma	39edd9d012181ed7d05a2f1913463f649cf4a370	HAS_UNMERGED_OR_NONANCESTRY_HISTORY
issue-310-gen13-a2-smallgamma	2f4e320f3556951416bda3f0ac81717cd9d6c72b	HAS_UNMERGED_OR_NONANCESTRY_HISTORY
issue-310-gen13-basis-jacobian	864fd4ed3a10bb1de3a25e5b8938a529fa85f8e0	HAS_UNMERGED_OR_NONANCESTRY_HISTORY
issue-310-gen13-plan	2f324821aba1d21735a47a9e32a74b27369b6212	HAS_UNMERGED_OR_NONANCESTRY_HISTORY
issue-310-gen14-laplacian-jacobian	f8f41bb8503fbf1b05b7250a07a94b540bd9e42f	HAS_UNMERGED_OR_NONANCESTRY_HISTORY
issue-310-gen15-banded-jacobian	6012784867cf2039eb51580d4a545041a439721f	HAS_UNMERGED_OR_NONANCESTRY_HISTORY
issue-310-gen16-state-jacobian-relaxation	aaa87a0aeae8abdc4eb53b28ce040cce2a24aa83	HAS_UNMERGED_OR_NONANCESTRY_HISTORY
issue-310-gen17-restore-stopping	5ebf9592d5667585c648fba1c7ddd2d9d4bbf879	HAS_UNMERGED_OR_NONANCESTRY_HISTORY
issue-310-gen18-deltaphi-convergence	e25c53cae7b852bfdc6deeccff6187b1c181936c	HAS_UNMERGED_OR_NONANCESTRY_HISTORY
issue-310-gen19-reference-convergence	d2d9958735d6afe4c6a23d47880477772a998d78	HAS_UNMERGED_OR_NONANCESTRY_HISTORY
issue-310-gen20-band5-requalification	e2e5c4304904b78cabb74042efcfe75f89ec9973	HAS_UNMERGED_OR_NONANCESTRY_HISTORY
issue-310-gen21-native-fp-acceleration	971f647df3ad926464c9b80ab5e83e848de13cf2	HAS_UNMERGED_OR_NONANCESTRY_HISTORY
issue-310-gen22-medium-horizon	32629a436ccfdca0cade6fe7c02fe0d0fd324ff4	HAS_UNMERGED_OR_NONANCESTRY_HISTORY
issue-310-gen23-scaling-50hc	6da5db75554d44f031da4c5b57b71f4c4f04dbc7	HAS_UNMERGED_OR_NONANCESTRY_HISTORY
issue-310-gen24-cost-growth-profile	8cf62d997863d23514dd6ecd2e7c74e4251bee17	HAS_UNMERGED_OR_NONANCESTRY_HISTORY
issue-310-gen25-cost-decomposition	b0eaede28dec27998337439eb7febbe1f8f70614	HAS_UNMERGED_OR_NONANCESTRY_HISTORY
issue-310-gen26-output-ab	e9065bc4a268dcff4ee234c4a148e85ab03961a5	HAS_UNMERGED_OR_NONANCESTRY_HISTORY
issue-310-gen27-native-perfgraph	7ae950291ba0a03fb75a29fc5a0cc81a04aa03af	HAS_UNMERGED_OR_NONANCESTRY_HISTORY
issue-310-gen28-perfgraph-qualify	91df80bf1e149535e7441c307588f5d35fb0980d	HAS_UNMERGED_OR_NONANCESTRY_HISTORY
issue-310-gen28-perfgraph-qualify-v2	b73716f2cca7dae727b7b218705eef636138a36e	HAS_UNMERGED_OR_NONANCESTRY_HISTORY
issue-310-gen28-perfgraph-qualify-v3	6224d3337aea380d96bebacfe63469f22f4ea6bd	HAS_UNMERGED_OR_NONANCESTRY_HISTORY
issue-310-gen29-native-timing	4a3f6265a39f0bf027eb95572c6b4509932f325d	HAS_UNMERGED_OR_NONANCESTRY_HISTORY
issue-310-gen30-output-timing-ab	da7ce87ed9cdfff5f53a88cf122183610a222df5	HAS_UNMERGED_OR_NONANCESTRY_HISTORY
issue-310-gen31-50hc-output-off	cd4998cbeeba6e1df9e244a21fd86972f4ac1f3f	HAS_UNMERGED_OR_NONANCESTRY_HISTORY
issue-310-gen32-autoscaling-ab	ef67af73d6afc62cfcd9f94c22edb494811fd486	HAS_UNMERGED_OR_NONANCESTRY_HISTORY
issue-310-gen33-autoscaling-paired-abba	c3500041c368cb64efba0a78eef4d0215da82f62	HAS_UNMERGED_OR_NONANCESTRY_HISTORY
issue-310-gen34-relax2x-reference-input	cdba1cba025da3c8442c0ad2993aeccab0111732	HAS_UNMERGED_OR_NONANCESTRY_HISTORY
issue-310-relaxation-factor-optimization	a2479d0cdbc97d963e52df2a79e88d9b4ebd8e54	HAS_UNMERGED_OR_NONANCESTRY_HISTORY
issue-310-relaxation-seq08	910e4826de5f2e70ea06581afc81f2360cd55dcf	HAS_UNMERGED_OR_NONANCESTRY_HISTORY
issue-310-secant-refinement-seq08	87a5450782250852caa8634c78c67b1cf084b586	HAS_UNMERGED_OR_NONANCESTRY_HISTORY
issue-310-timeaware-secant-seq08	61c08ab4c14f586816a0103150df18ee9c6be4c6	HAS_UNMERGED_OR_NONANCESTRY_HISTORY
issue-315-alpha-refinement-seq08	ca1ea0b0eb040587f9c3b61dd24bd6eea93dd903	HAS_UNMERGED_OR_NONANCESTRY_HISTORY
issue-315-electron-dt-seq08	7c8029f1f280dc11c24a12654bbde859d9c57ca2	HAS_UNMERGED_OR_NONANCESTRY_HISTORY
issue-315-electron-dt-sweep	f8b87da4f32292c02e7bccbfb211191e517d25cc	HAS_UNMERGED_OR_NONANCESTRY_HISTORY
issue-332-standard-moose-gummel-refactor	8684f74b3c8f5a0f0a0ba56c2366d8cdb7711e30	HAS_UNMERGED_OR_NONANCESTRY_HISTORY
issue-333-standard-charge-density	5f42db1799bf1f25c2350d0387900ce050a86fc8	HAS_UNMERGED_OR_NONANCESTRY_HISTORY
issue-334-r2-standard-convergence-probe-v2	f2b14d867ff08aa29b47d91e1a48c98dbeb9ddec	HAS_UNMERGED_OR_NONANCESTRY_HISTORY
issue-334-standard-convergence	1788d98a93d8bae03a9352dae967662c196fa3b1	HAS_UNMERGED_OR_NONANCESTRY_HISTORY
issue-335-standard-electron-mean-energy	1822a6734423a46f1cb518e0b1e04b092351b384	HAS_UNMERGED_OR_NONANCESTRY_HISTORY
issue-336-standard-scalarized-convergence	6422170b78ee93c2ff21029a92fe7f70c0841c78	HAS_UNMERGED_OR_NONANCESTRY_HISTORY
issue-gen34-parity-inspect	0b836a49de5df8ca77b8d75ac57806f03956a029	HAS_UNMERGED_OR_NONANCESTRY_HISTORY
issue-scientific-centralization-compatibility	ce17181ab4fb209132861cf6912985986b24f508	HAS_UNMERGED_OR_NONANCESTRY_HISTORY
issue-wall-layer-inward-extension	d489d879b14de55890deb733ed3ae0d41b27c4d4	HAS_UNMERGED_OR_NONANCESTRY_HISTORY
matrix-physical-edetach	00103d4f48f1f1c970eb24fff406408301865c82	HAS_UNMERGED_OR_NONANCESTRY_HISTORY
matrix-physical-ei19	ddb49c1a4de9322325b56c277ec2c2002ac57975	HAS_UNMERGED_OR_NONANCESTRY_HISTORY
matrix-physical-ei20	7667778b55733ef7f9dab53e1513dad284b4518f	HAS_UNMERGED_OR_NONANCESTRY_HISTORY
matrix-physical-energy-smokes	bc9dfdbbd40108443d539f5d38d49dc86c199449	HAS_UNMERGED_OR_NONANCESTRY_HISTORY
matrix-physical-grounded-sheath	91ffd0cbf050c19a8bb1223f24fd54b774269cae	HAS_UNMERGED_OR_NONANCESTRY_HISTORY
matrix-physical-h05	a59682a0d98a39148229e376ff93bf12c0a83b82	HAS_UNMERGED_OR_NONANCESTRY_HISTORY
mean-energy-primary-state	ac3b0311bd7acfdea0ad8d645076b17d41dd04fb	HAS_UNMERGED_OR_NONANCESTRY_HISTORY
ops-trigger-branch-cleanup-20261008	414df663f587da2af1aa9d9385ba992454a4d7f3	HAS_UNMERGED_OR_NONANCESTRY_HISTORY
physicsapp-qualified-migration-20260927	ca2c833d11daf0c0a1b33b081b666d09041b26e3	HAS_UNMERGED_OR_NONANCESTRY_HISTORY
prototype-fixed-ion-electron-poisson	f9ce2f4c78b44b6481ed001dc5d0195d3815f2b0	HAS_UNMERGED_OR_NONANCESTRY_HISTORY
prototype-fully-implicit-electron-poisson	d8f57aa8a66dfcd01afde02b0a629d032b52142f	HAS_UNMERGED_OR_NONANCESTRY_HISTORY
qualified/issue310-gummel-optimized	cdba1cba025da3c8442c0ad2993aeccab0111732	HAS_UNMERGED_OR_NONANCESTRY_HISTORY
recover-qualified-plasma-inputs-20260927	c27ff0d305d50adcdecd851c461589525302f489	HAS_UNMERGED_OR_NONANCESTRY_HISTORY
